<?xml version="1.0" encoding="UTF-8" ?>
<!-- This is a WordPress eXtended RSS file generated by WordPress as an export of your site. -->
<!-- It contains information about your site's posts, pages, comments, categories, and other content. -->
<!-- You may use this file to transfer that content from one site to another. -->
<!-- This file is not intended to serve as a complete backup of your site. -->

<!-- To import this information into a WordPress site follow these steps: -->
<!-- 1. Log in to that site as an administrator. -->
<!-- 2. Go to Tools: Import in the WordPress admin panel. -->
<!-- 3. Install the "WordPress" importer from the list. -->
<!-- 4. Activate & Run Importer. -->
<!-- 5. Upload this file using the form provided on that page. -->
<!-- 6. You will first be asked to map the authors in this export file to users -->
<!--    on the site. For each author, you may choose to map to an -->
<!--    existing user on the site or to create a new user. -->
<!-- 7. WordPress will then import each of the posts, pages, comments, categories, etc. -->
<!--    contained in this file into your site. -->

<!-- generator="WordPress/4.9.7" created="2018-07-20 14:10" -->
<rss version="2.0"
	xmlns:excerpt="http://wordpress.org/export/1.2/excerpt/"
	xmlns:content="http://purl.org/rss/1.0/modules/content/"
	xmlns:wfw="http://wellformedweb.org/CommentAPI/"
	xmlns:dc="http://purl.org/dc/elements/1.1/"
	xmlns:wp="http://wordpress.org/export/1.2/"
>

<channel>
	<title>WP learning</title>
	<link>http://localhost/wp</link>
	<description>Just another WordPress site</description>
	<pubDate>Fri, 20 Jul 2018 14:10:06 +0000</pubDate>
	<language>en-US</language>
	<wp:wxr_version>1.2</wp:wxr_version>
	<wp:base_site_url>http://localhost/wp</wp:base_site_url>
	<wp:base_blog_url>http://localhost/wp</wp:base_blog_url>

	<wp:author><wp:author_id>1</wp:author_id><wp:author_login><![CDATA[admin]]></wp:author_login><wp:author_email><![CDATA[priya.j@mailinator.com]]></wp:author_email><wp:author_display_name><![CDATA[admin]]></wp:author_display_name><wp:author_first_name><![CDATA[]]></wp:author_first_name><wp:author_last_name><![CDATA[]]></wp:author_last_name></wp:author>


	<generator>https://wordpress.org/?v=4.9.7</generator>

	<item>
		<title>WordPress. 1001 Trucos</title>
		<link>http://localhost/wp/?book=wordpress-1001-trucos</link>
		<pubDate>Wed, 18 Jul 2018 12:02:42 +0000</pubDate>
		<dc:creator><![CDATA[admin]]></dc:creator>
		<guid isPermaLink="false">http://localhost/wp/?post_type=book&#038;p=5575</guid>
		<description></description>
		<content:encoded><![CDATA[In this book you will find 1001 quick tricks for maximum performance, plus various time-saving shortcuts and codes that will enhance your website. I know, the book is written in Spanish, but the content is easy to understand by foreigners.

And the title does not cheat, you will have exactly 1001 completely numbered tricks classified into categories such as installation, configuration, security, SEO, and so on!]]></content:encoded>
		<excerpt:encoded><![CDATA[]]></excerpt:encoded>
		<wp:post_id>5575</wp:post_id>
		<wp:post_date><![CDATA[2018-07-18 12:02:42]]></wp:post_date>
		<wp:post_date_gmt><![CDATA[2018-07-18 12:02:42]]></wp:post_date_gmt>
		<wp:comment_status><![CDATA[closed]]></wp:comment_status>
		<wp:ping_status><![CDATA[closed]]></wp:ping_status>
		<wp:post_name><![CDATA[wordpress-1001-trucos]]></wp:post_name>
		<wp:status><![CDATA[publish]]></wp:status>
		<wp:post_parent>0</wp:post_parent>
		<wp:menu_order>0</wp:menu_order>
		<wp:post_type><![CDATA[book]]></wp:post_type>
		<wp:post_password><![CDATA[]]></wp:post_password>
		<wp:is_sticky>0</wp:is_sticky>
		<category domain="book_author" nicename="anaya-multimedia"><![CDATA[Anaya multimedia]]></category>
		<category domain="book_publisher" nicename="fernando-tellado"><![CDATA[Fernando Tellado]]></category>
		<wp:postmeta>
			<wp:meta_key><![CDATA[_edit_last]]></wp:meta_key>
			<wp:meta_value><![CDATA[1]]></wp:meta_value>
		</wp:postmeta>
		<wp:postmeta>
			<wp:meta_key><![CDATA[_thumbnail_id]]></wp:meta_key>
			<wp:meta_value><![CDATA[5576]]></wp:meta_value>
		</wp:postmeta>
		<wp:postmeta>
			<wp:meta_key><![CDATA[slide_template]]></wp:meta_key>
			<wp:meta_value><![CDATA[default]]></wp:meta_value>
		</wp:postmeta>
		<wp:postmeta>
			<wp:meta_key><![CDATA[lbs_ratings]]></wp:meta_key>
			<wp:meta_value><![CDATA[2]]></wp:meta_value>
		</wp:postmeta>
		<wp:postmeta>
			<wp:meta_key><![CDATA[lbs_price]]></wp:meta_key>
			<wp:meta_value><![CDATA[800]]></wp:meta_value>
		</wp:postmeta>
	</item>
	<item>
		<title>JavaScript: The Definitive Guide</title>
		<link>http://localhost/wp/?book=javascript-the-definitive-guide</link>
		<pubDate>Wed, 18 Jul 2018 12:04:39 +0000</pubDate>
		<dc:creator><![CDATA[admin]]></dc:creator>
		<guid isPermaLink="false">http://localhost/wp/?post_type=book&#038;p=5577</guid>
		<description></description>
		<content:encoded><![CDATA[If you are aware of the news in the WordPress world, you will know that JavaScript plays relevant role in this content management system.

With the introduction of the REST API, WordPress opens a new world of possibilities for plugin developers and theme designers. And if you don’t feel comfortable with JavaScript you should start getting into it right now.

This book is like the JavaScript bible. By the way, I recommend you read it following the instructions of Remkus de Vries—in just 8 weeks you will become a master 😉]]></content:encoded>
		<excerpt:encoded><![CDATA[]]></excerpt:encoded>
		<wp:post_id>5577</wp:post_id>
		<wp:post_date><![CDATA[2018-07-18 12:04:39]]></wp:post_date>
		<wp:post_date_gmt><![CDATA[2018-07-18 12:04:39]]></wp:post_date_gmt>
		<wp:comment_status><![CDATA[closed]]></wp:comment_status>
		<wp:ping_status><![CDATA[closed]]></wp:ping_status>
		<wp:post_name><![CDATA[javascript-the-definitive-guide]]></wp:post_name>
		<wp:status><![CDATA[publish]]></wp:status>
		<wp:post_parent>0</wp:post_parent>
		<wp:menu_order>0</wp:menu_order>
		<wp:post_type><![CDATA[book]]></wp:post_type>
		<wp:post_password><![CDATA[]]></wp:post_password>
		<wp:is_sticky>0</wp:is_sticky>
		<category domain="book_publisher" nicename="david-flanagan"><![CDATA[David Flanagan]]></category>
		<category domain="book_author" nicename="krita"><![CDATA[Krita]]></category>
		<wp:postmeta>
			<wp:meta_key><![CDATA[_edit_last]]></wp:meta_key>
			<wp:meta_value><![CDATA[1]]></wp:meta_value>
		</wp:postmeta>
		<wp:postmeta>
			<wp:meta_key><![CDATA[_thumbnail_id]]></wp:meta_key>
			<wp:meta_value><![CDATA[5578]]></wp:meta_value>
		</wp:postmeta>
		<wp:postmeta>
			<wp:meta_key><![CDATA[slide_template]]></wp:meta_key>
			<wp:meta_value><![CDATA[default]]></wp:meta_value>
		</wp:postmeta>
		<wp:postmeta>
			<wp:meta_key><![CDATA[lbs_ratings]]></wp:meta_key>
			<wp:meta_value><![CDATA[5]]></wp:meta_value>
		</wp:postmeta>
		<wp:postmeta>
			<wp:meta_key><![CDATA[lbs_price]]></wp:meta_key>
			<wp:meta_value><![CDATA[450]]></wp:meta_value>
		</wp:postmeta>
	</item>
	<item>
		<title>React: Up &amp; Running</title>
		<link>http://localhost/wp/?book=react-up-running</link>
		<pubDate>Wed, 18 Jul 2018 12:06:17 +0000</pubDate>
		<dc:creator><![CDATA[admin]]></dc:creator>
		<guid isPermaLink="false">http://localhost/wp/?post_type=book&#038;p=5579</guid>
		<description></description>
		<content:encoded><![CDATA[Another prominent technology in the future of WordPress is ReactJS. I honestly think that WordPress developers will soon build user interfaces and themes with this JavaScript library along with the REST API.But don’t take my word for it—Calypso is not just another test example, but a reality. It was entirely made with Node and ReactJS. Pure JavaScript magic.

Although ReactJS is probably a technology that evolves faster than the book I leave here, it never hurts to have a resource that includes all the important points. If you combine it with online courses (you will find a lot with a simple search), this book is a must 👏]]></content:encoded>
		<excerpt:encoded><![CDATA[]]></excerpt:encoded>
		<wp:post_id>5579</wp:post_id>
		<wp:post_date><![CDATA[2018-07-18 12:06:17]]></wp:post_date>
		<wp:post_date_gmt><![CDATA[2018-07-18 12:06:17]]></wp:post_date_gmt>
		<wp:comment_status><![CDATA[closed]]></wp:comment_status>
		<wp:ping_status><![CDATA[closed]]></wp:ping_status>
		<wp:post_name><![CDATA[react-up-running]]></wp:post_name>
		<wp:status><![CDATA[publish]]></wp:status>
		<wp:post_parent>0</wp:post_parent>
		<wp:menu_order>0</wp:menu_order>
		<wp:post_type><![CDATA[book]]></wp:post_type>
		<wp:post_password><![CDATA[]]></wp:post_password>
		<wp:is_sticky>0</wp:is_sticky>
		<category domain="book_author" nicename="slegan"><![CDATA[slegan]]></category>
		<category domain="book_publisher" nicename="stoyan-stefanov"><![CDATA[Stoyan Stefanov]]></category>
		<wp:postmeta>
			<wp:meta_key><![CDATA[_edit_last]]></wp:meta_key>
			<wp:meta_value><![CDATA[1]]></wp:meta_value>
		</wp:postmeta>
		<wp:postmeta>
			<wp:meta_key><![CDATA[slide_template]]></wp:meta_key>
			<wp:meta_value><![CDATA[default]]></wp:meta_value>
		</wp:postmeta>
		<wp:postmeta>
			<wp:meta_key><![CDATA[lbs_ratings]]></wp:meta_key>
			<wp:meta_value><![CDATA[4.5]]></wp:meta_value>
		</wp:postmeta>
		<wp:postmeta>
			<wp:meta_key><![CDATA[lbs_price]]></wp:meta_key>
			<wp:meta_value><![CDATA[1200]]></wp:meta_value>
		</wp:postmeta>
	</item>
	<item>
		<title>Epic Content Marketing</title>
		<link>http://localhost/wp/?book=epic-content-marketing</link>
		<pubDate>Wed, 18 Jul 2018 12:06:55 +0000</pubDate>
		<dc:creator><![CDATA[admin]]></dc:creator>
		<guid isPermaLink="false">http://localhost/wp/?post_type=book&#038;p=5580</guid>
		<description></description>
		<content:encoded><![CDATA[This book will help you to develop strategies that take into account your competitive advantages by creating messages and stories aimed for better distribution on social networks, Google, and other media. If you have a website where you sell something, do not hesitate to take a look at this book. It provides a step-by-step plan for generating powerful content that appeals to your customers. Also, it describes best practices for promoting that content.

In short, this is a very complete book on content marketing. You can use it to complete the series of posts that Ruth made some time ago about Nelio Content.]]></content:encoded>
		<excerpt:encoded><![CDATA[]]></excerpt:encoded>
		<wp:post_id>5580</wp:post_id>
		<wp:post_date><![CDATA[2018-07-18 12:06:55]]></wp:post_date>
		<wp:post_date_gmt><![CDATA[2018-07-18 12:06:55]]></wp:post_date_gmt>
		<wp:comment_status><![CDATA[closed]]></wp:comment_status>
		<wp:ping_status><![CDATA[closed]]></wp:ping_status>
		<wp:post_name><![CDATA[epic-content-marketing]]></wp:post_name>
		<wp:status><![CDATA[publish]]></wp:status>
		<wp:post_parent>0</wp:post_parent>
		<wp:menu_order>0</wp:menu_order>
		<wp:post_type><![CDATA[book]]></wp:post_type>
		<wp:post_password><![CDATA[]]></wp:post_password>
		<wp:is_sticky>0</wp:is_sticky>
		<category domain="book_author" nicename="joe-pulizzi"><![CDATA[Joe Pulizzi]]></category>
		<category domain="book_publisher" nicename="joe-pulizzi"><![CDATA[Joe Pulizzi]]></category>
		<wp:postmeta>
			<wp:meta_key><![CDATA[_edit_last]]></wp:meta_key>
			<wp:meta_value><![CDATA[1]]></wp:meta_value>
		</wp:postmeta>
		<wp:postmeta>
			<wp:meta_key><![CDATA[slide_template]]></wp:meta_key>
			<wp:meta_value><![CDATA[default]]></wp:meta_value>
		</wp:postmeta>
		<wp:postmeta>
			<wp:meta_key><![CDATA[_thumbnail_id]]></wp:meta_key>
			<wp:meta_value><![CDATA[5581]]></wp:meta_value>
		</wp:postmeta>
		<wp:postmeta>
			<wp:meta_key><![CDATA[lbs_ratings]]></wp:meta_key>
			<wp:meta_value><![CDATA[4]]></wp:meta_value>
		</wp:postmeta>
		<wp:postmeta>
			<wp:meta_key><![CDATA[lbs_price]]></wp:meta_key>
			<wp:meta_value><![CDATA[2300]]></wp:meta_value>
		</wp:postmeta>
	</item>
	<item>
		<title>Tom Jones</title>
		<link>http://localhost/wp/?book=tom-jones</link>
		<pubDate>Fri, 20 Jul 2018 10:16:00 +0000</pubDate>
		<dc:creator><![CDATA[admin]]></dc:creator>
		<guid isPermaLink="false">http://localhost/wp/?post_type=book&#038;p=5586</guid>
		<description></description>
		<content:encoded><![CDATA[Tom Jones is a classic English novel that captures the spirit of its age and whose famous characters have come to represent Augustan society in all its loquacious, turbulent, comic variety.]]></content:encoded>
		<excerpt:encoded><![CDATA[]]></excerpt:encoded>
		<wp:post_id>5586</wp:post_id>
		<wp:post_date><![CDATA[2018-07-20 10:16:00]]></wp:post_date>
		<wp:post_date_gmt><![CDATA[2018-07-20 10:16:00]]></wp:post_date_gmt>
		<wp:comment_status><![CDATA[closed]]></wp:comment_status>
		<wp:ping_status><![CDATA[closed]]></wp:ping_status>
		<wp:post_name><![CDATA[tom-jones]]></wp:post_name>
		<wp:status><![CDATA[publish]]></wp:status>
		<wp:post_parent>0</wp:post_parent>
		<wp:menu_order>0</wp:menu_order>
		<wp:post_type><![CDATA[book]]></wp:post_type>
		<wp:post_password><![CDATA[]]></wp:post_password>
		<wp:is_sticky>0</wp:is_sticky>
		<category domain="book_author" nicename="henry-fielding"><![CDATA[Henry Fielding]]></category>
		<category domain="book_publisher" nicename="kleo"><![CDATA[Kleo]]></category>
		<wp:postmeta>
			<wp:meta_key><![CDATA[_edit_last]]></wp:meta_key>
			<wp:meta_value><![CDATA[1]]></wp:meta_value>
		</wp:postmeta>
		<wp:postmeta>
			<wp:meta_key><![CDATA[lbs_ratings]]></wp:meta_key>
			<wp:meta_value><![CDATA[2.8]]></wp:meta_value>
		</wp:postmeta>
		<wp:postmeta>
			<wp:meta_key><![CDATA[lbs_price]]></wp:meta_key>
			<wp:meta_value><![CDATA[1200]]></wp:meta_value>
		</wp:postmeta>
	</item>
	<item>
		<title>ULYSSES</title>
		<link>http://localhost/wp/?book=ulysses</link>
		<pubDate>Fri, 20 Jul 2018 10:17:12 +0000</pubDate>
		<dc:creator><![CDATA[admin]]></dc:creator>
		<guid isPermaLink="false">http://localhost/wp/?post_type=book&#038;p=5587</guid>
		<description></description>
		<content:encoded><![CDATA[Written as an homage to Homer’s epic poem The Odyssey, Ulysses follows its hero, Leopold Bloom, through the streets of Dublin. Overflowing with puns, references to classical literature, and stream-of-consciousness writing, this is a complex, multilayered novel about one day in the life of an ordinary man. Initially banned in the United States but overturned by a legal challenge by Random House’s Bennett Cerf, Ulysses was called “a memorable catastrophe” (Virginia Woolf), “a book to which we are all indebted” (T. S. Eliot), and “the most faithful X-ray ever taken of the ordinary human consciousness” (Edmund Wilson). Joyce himself said, “There is not one single serious line in [Ulysses].]]></content:encoded>
		<excerpt:encoded><![CDATA[]]></excerpt:encoded>
		<wp:post_id>5587</wp:post_id>
		<wp:post_date><![CDATA[2018-07-20 10:17:12]]></wp:post_date>
		<wp:post_date_gmt><![CDATA[2018-07-20 10:17:12]]></wp:post_date_gmt>
		<wp:comment_status><![CDATA[closed]]></wp:comment_status>
		<wp:ping_status><![CDATA[closed]]></wp:ping_status>
		<wp:post_name><![CDATA[ulysses]]></wp:post_name>
		<wp:status><![CDATA[publish]]></wp:status>
		<wp:post_parent>0</wp:post_parent>
		<wp:menu_order>0</wp:menu_order>
		<wp:post_type><![CDATA[book]]></wp:post_type>
		<wp:post_password><![CDATA[]]></wp:post_password>
		<wp:is_sticky>0</wp:is_sticky>
		<category domain="book_publisher" nicename="jack-koaln"><![CDATA[Jack koaln]]></category>
		<category domain="book_author" nicename="james-joyce"><![CDATA[James Joyce]]></category>
		<wp:postmeta>
			<wp:meta_key><![CDATA[_edit_last]]></wp:meta_key>
			<wp:meta_value><![CDATA[1]]></wp:meta_value>
		</wp:postmeta>
		<wp:postmeta>
			<wp:meta_key><![CDATA[lbs_ratings]]></wp:meta_key>
			<wp:meta_value><![CDATA[3]]></wp:meta_value>
		</wp:postmeta>
		<wp:postmeta>
			<wp:meta_key><![CDATA[lbs_price]]></wp:meta_key>
			<wp:meta_value><![CDATA[1600]]></wp:meta_value>
		</wp:postmeta>
	</item>
	<item>
		<title>THE GREAT GATSBY</title>
		<link>http://localhost/wp/?book=the-great-gatsby</link>
		<pubDate>Fri, 20 Jul 2018 10:18:33 +0000</pubDate>
		<dc:creator><![CDATA[admin]]></dc:creator>
		<guid isPermaLink="false">http://localhost/wp/?post_type=book&#038;p=5588</guid>
		<description></description>
		<content:encoded><![CDATA[Clarissa is a tragic heroine, pressured by her unscrupulous nouveau-riche family to marry a wealthy man she detests, in the book that Samuel Johnson described as “the first book in the world for the knowledge it displays of the human heart.”]]></content:encoded>
		<excerpt:encoded><![CDATA[]]></excerpt:encoded>
		<wp:post_id>5588</wp:post_id>
		<wp:post_date><![CDATA[2018-07-20 10:18:33]]></wp:post_date>
		<wp:post_date_gmt><![CDATA[2018-07-20 10:18:33]]></wp:post_date_gmt>
		<wp:comment_status><![CDATA[closed]]></wp:comment_status>
		<wp:ping_status><![CDATA[closed]]></wp:ping_status>
		<wp:post_name><![CDATA[the-great-gatsby]]></wp:post_name>
		<wp:status><![CDATA[publish]]></wp:status>
		<wp:post_parent>0</wp:post_parent>
		<wp:menu_order>0</wp:menu_order>
		<wp:post_type><![CDATA[book]]></wp:post_type>
		<wp:post_password><![CDATA[]]></wp:post_password>
		<wp:is_sticky>0</wp:is_sticky>
		<category domain="book_publisher" nicename="fernando-tellado"><![CDATA[Fernando Tellado]]></category>
		<category domain="book_author" nicename="james-joyce"><![CDATA[James Joyce]]></category>
		<wp:postmeta>
			<wp:meta_key><![CDATA[_edit_last]]></wp:meta_key>
			<wp:meta_value><![CDATA[1]]></wp:meta_value>
		</wp:postmeta>
		<wp:postmeta>
			<wp:meta_key><![CDATA[lbs_ratings]]></wp:meta_key>
			<wp:meta_value><![CDATA[5]]></wp:meta_value>
		</wp:postmeta>
		<wp:postmeta>
			<wp:meta_key><![CDATA[lbs_price]]></wp:meta_key>
			<wp:meta_value><![CDATA[3000]]></wp:meta_value>
		</wp:postmeta>
	</item>
	<item>
		<title>Emma</title>
		<link>http://localhost/wp/?book=emma</link>
		<pubDate>Fri, 20 Jul 2018 10:19:31 +0000</pubDate>
		<dc:creator><![CDATA[admin]]></dc:creator>
		<guid isPermaLink="false">http://localhost/wp/?post_type=book&#038;p=5589</guid>
		<description></description>
		<content:encoded><![CDATA[]]></content:encoded>
		<excerpt:encoded><![CDATA[]]></excerpt:encoded>
		<wp:post_id>5589</wp:post_id>
		<wp:post_date><![CDATA[2018-07-20 10:19:31]]></wp:post_date>
		<wp:post_date_gmt><![CDATA[2018-07-20 10:19:31]]></wp:post_date_gmt>
		<wp:comment_status><![CDATA[closed]]></wp:comment_status>
		<wp:ping_status><![CDATA[closed]]></wp:ping_status>
		<wp:post_name><![CDATA[emma]]></wp:post_name>
		<wp:status><![CDATA[publish]]></wp:status>
		<wp:post_parent>0</wp:post_parent>
		<wp:menu_order>0</wp:menu_order>
		<wp:post_type><![CDATA[book]]></wp:post_type>
		<wp:post_password><![CDATA[]]></wp:post_password>
		<wp:is_sticky>0</wp:is_sticky>
		<category domain="book_author" nicename="jane-austen"><![CDATA[Jane Austen]]></category>
		<category domain="book_publisher" nicename="joel-blake"><![CDATA[Joel blake]]></category>
		<wp:postmeta>
			<wp:meta_key><![CDATA[_edit_last]]></wp:meta_key>
			<wp:meta_value><![CDATA[1]]></wp:meta_value>
		</wp:postmeta>
		<wp:postmeta>
			<wp:meta_key><![CDATA[lbs_ratings]]></wp:meta_key>
			<wp:meta_value><![CDATA[3.6]]></wp:meta_value>
		</wp:postmeta>
		<wp:postmeta>
			<wp:meta_key><![CDATA[lbs_price]]></wp:meta_key>
			<wp:meta_value><![CDATA[2800]]></wp:meta_value>
		</wp:postmeta>
	</item>
	<item>
		<title>Sybil by Benjamin Disraeli</title>
		<link>http://localhost/wp/?book=sybil-by-benjamin-disraeli</link>
		<pubDate>Fri, 20 Jul 2018 10:20:02 +0000</pubDate>
		<dc:creator><![CDATA[admin]]></dc:creator>
		<guid isPermaLink="false">http://localhost/wp/?post_type=book&#038;p=5590</guid>
		<description></description>
		<content:encoded><![CDATA[The future prime minister displayed flashes of brilliance that equalled the greatest Victorian novelists.]]></content:encoded>
		<excerpt:encoded><![CDATA[]]></excerpt:encoded>
		<wp:post_id>5590</wp:post_id>
		<wp:post_date><![CDATA[2018-07-20 10:20:02]]></wp:post_date>
		<wp:post_date_gmt><![CDATA[2018-07-20 10:20:02]]></wp:post_date_gmt>
		<wp:comment_status><![CDATA[closed]]></wp:comment_status>
		<wp:ping_status><![CDATA[closed]]></wp:ping_status>
		<wp:post_name><![CDATA[sybil-by-benjamin-disraeli]]></wp:post_name>
		<wp:status><![CDATA[publish]]></wp:status>
		<wp:post_parent>0</wp:post_parent>
		<wp:menu_order>0</wp:menu_order>
		<wp:post_type><![CDATA[book]]></wp:post_type>
		<wp:post_password><![CDATA[]]></wp:post_password>
		<wp:is_sticky>0</wp:is_sticky>
		<category domain="book_publisher" nicename="benergil"><![CDATA[Benergil]]></category>
		<category domain="book_author" nicename="benjamin-disraeli"><![CDATA[Benjamin Disraeli]]></category>
		<wp:postmeta>
			<wp:meta_key><![CDATA[_edit_last]]></wp:meta_key>
			<wp:meta_value><![CDATA[1]]></wp:meta_value>
		</wp:postmeta>
		<wp:postmeta>
			<wp:meta_key><![CDATA[lbs_ratings]]></wp:meta_key>
			<wp:meta_value><![CDATA[1.6]]></wp:meta_value>
		</wp:postmeta>
		<wp:postmeta>
			<wp:meta_key><![CDATA[lbs_price]]></wp:meta_key>
			<wp:meta_value><![CDATA[200]]></wp:meta_value>
		</wp:postmeta>
	</item>
	<item>
		<title>The Scarlet Letter</title>
		<link>http://localhost/wp/?book=the-scarlet-letter</link>
		<pubDate>Fri, 20 Jul 2018 10:22:02 +0000</pubDate>
		<dc:creator><![CDATA[admin]]></dc:creator>
		<guid isPermaLink="false">http://localhost/wp/?post_type=book&#038;p=5591</guid>
		<description></description>
		<content:encoded><![CDATA[Nathaniel Hawthorne’s astounding book is full of intense symbolism and as haunting as anything by Edgar Allan Poe.]]></content:encoded>
		<excerpt:encoded><![CDATA[]]></excerpt:encoded>
		<wp:post_id>5591</wp:post_id>
		<wp:post_date><![CDATA[2018-07-20 10:22:02]]></wp:post_date>
		<wp:post_date_gmt><![CDATA[2018-07-20 10:22:02]]></wp:post_date_gmt>
		<wp:comment_status><![CDATA[closed]]></wp:comment_status>
		<wp:ping_status><![CDATA[closed]]></wp:ping_status>
		<wp:post_name><![CDATA[the-scarlet-letter]]></wp:post_name>
		<wp:status><![CDATA[publish]]></wp:status>
		<wp:post_parent>0</wp:post_parent>
		<wp:menu_order>0</wp:menu_order>
		<wp:post_type><![CDATA[book]]></wp:post_type>
		<wp:post_password><![CDATA[]]></wp:post_password>
		<wp:is_sticky>0</wp:is_sticky>
		<category domain="book_author" nicename="james-joyce"><![CDATA[James Joyce]]></category>
		<category domain="book_publisher" nicename="joel-blake"><![CDATA[Joel blake]]></category>
		<wp:postmeta>
			<wp:meta_key><![CDATA[_edit_last]]></wp:meta_key>
			<wp:meta_value><![CDATA[1]]></wp:meta_value>
		</wp:postmeta>
		<wp:postmeta>
			<wp:meta_key><![CDATA[lbs_ratings]]></wp:meta_key>
			<wp:meta_value><![CDATA[5]]></wp:meta_value>
		</wp:postmeta>
		<wp:postmeta>
			<wp:meta_key><![CDATA[lbs_price]]></wp:meta_key>
			<wp:meta_value><![CDATA[2900]]></wp:meta_value>
		</wp:postmeta>
	</item>
	<item>
		<title>The Moonstone</title>
		<link>http://localhost/wp/?book=the-moonstone</link>
		<pubDate>Fri, 20 Jul 2018 10:23:38 +0000</pubDate>
		<dc:creator><![CDATA[admin]]></dc:creator>
		<guid isPermaLink="false">http://localhost/wp/?post_type=book&#038;p=5592</guid>
		<description></description>
		<content:encoded><![CDATA[Wilkie Collins’s masterpiece, hailed by many as the greatest English detective novel, is a brilliant marriage of the sensational and the realistic.]]></content:encoded>
		<excerpt:encoded><![CDATA[]]></excerpt:encoded>
		<wp:post_id>5592</wp:post_id>
		<wp:post_date><![CDATA[2018-07-20 10:23:38]]></wp:post_date>
		<wp:post_date_gmt><![CDATA[2018-07-20 10:23:38]]></wp:post_date_gmt>
		<wp:comment_status><![CDATA[closed]]></wp:comment_status>
		<wp:ping_status><![CDATA[closed]]></wp:ping_status>
		<wp:post_name><![CDATA[the-moonstone]]></wp:post_name>
		<wp:status><![CDATA[publish]]></wp:status>
		<wp:post_parent>0</wp:post_parent>
		<wp:menu_order>0</wp:menu_order>
		<wp:post_type><![CDATA[book]]></wp:post_type>
		<wp:post_password><![CDATA[]]></wp:post_password>
		<wp:is_sticky>0</wp:is_sticky>
		<category domain="book_author" nicename="wilkie-collins"><![CDATA[Wilkie Collins]]></category>
		<category domain="book_publisher" nicename="williams-sage"><![CDATA[Williams Sage]]></category>
		<wp:postmeta>
			<wp:meta_key><![CDATA[_edit_last]]></wp:meta_key>
			<wp:meta_value><![CDATA[1]]></wp:meta_value>
		</wp:postmeta>
		<wp:postmeta>
			<wp:meta_key><![CDATA[lbs_ratings]]></wp:meta_key>
			<wp:meta_value><![CDATA[1]]></wp:meta_value>
		</wp:postmeta>
		<wp:postmeta>
			<wp:meta_key><![CDATA[lbs_price]]></wp:meta_key>
			<wp:meta_value><![CDATA[150]]></wp:meta_value>
		</wp:postmeta>
	</item>
</channel>
</rss>
